{
  "label": "3",
  "x": -2.01,
  "y": 2.24,
  "z": 0.00247,
  "confidence": 0.7700275182723999,
  "timestamp": 1747457923.9282627
}
