{
  "label": "3",
  "x": -1.85,
  "y": 2.75,
  "z": -0.00143,
  "confidence": 0.7700275182723999,
  "timestamp": 1747457923.9282627
}
