{
  "label": "1",
  "x": -1.96,
  "y": 0.947,
  "z": 0.00256,
  "confidence": 0.7700275182723999,
  "timestamp": 1747457923.9282627
}
