{
  "label": "2",
  "x": -2.36,
  "y": 1.94,
  "z": -0.00143,
  "confidence": 0.7700275182723999,
  "timestamp": 1747457923.9282627
}
