{
  "label": "2",
  "x": -4.62,
  "y": 2.98,
  "z": -0.00247,
  "confidence": 0.7700275182723999,
  "timestamp": 1747457923.9282627
}
