{
  "label": "1",
  "x": -6.54,
  "y": 3.03,
  "z": -0.00143,
  "confidence": 0.7700275182723999,
  "timestamp": 1747457923.9282627
}
