{
  "label": "1",
  "x": -1.4242036065932884,
  "y": -0.5950032942038894,
  "z": 0.16112643766121365,
  "confidence": 0.7700275182723999,
  "timestamp": 1747457923.9282627
}
